{
    "24-hours-fill": "0xea01",
    "24-hours-line": "0xea02",
    "4k-fill": "0xea03",
    "4k-line": "0xea04",
    "a-b": "0xea05",
    "account-box-fill": "0xea06",
    "account-box-line": "0xea07",
    "account-circle-fill": "0xea08",
    "account-circle-line": "0xea09",
    "account-pin-box-fill": "0xea0a",
    "account-pin-box-line": "0xea0b",
    "account-pin-circle-fill": "0xea0c",
    "account-pin-circle-line": "0xea0d",
    "add-box-fill": "0xea0e",
    "add-box-line": "0xea0f",
    "add-circle-fill": "0xea10",
    "add-circle-line": "0xea11",
    "add-fill": "0xea12",
    "add-line": "0xea13",
    "admin-fill": "0xea14",
    "admin-line": "0xea15",
    "advertisement-fill": "0xea16",
    "advertisement-line": "0xea17",
    "airplay-fill": "0xea18",
    "airplay-line": "0xea19",
    "alarm-fill": "0xea1a",
    "alarm-line": "0xea1b",
    "alarm-warning-fill": "0xea1c",
    "alarm-warning-line": "0xea1d",
    "album-fill": "0xea1e",
    "album-line": "0xea1f",
    "alert-fill": "0xea20",
    "alert-line": "0xea21",
    "aliens-fill": "0xea22",
    "aliens-line": "0xea23",
    "align-bottom": "0xea24",
    "align-center": "0xea25",
    "align-justify": "0xea26",
    "align-left": "0xea27",
    "align-right": "0xea28",
    "align-top": "0xea29",
    "align-vertically": "0xea2a",
    "alipay-fill": "0xea2b",
    "alipay-line": "0xea2c",
    "amazon-fill": "0xea2d",
    "amazon-line": "0xea2e",
    "anchor-fill": "0xea2f",
    "anchor-line": "0xea30",
    "ancient-gate-fill": "0xea31",
    "ancient-gate-line": "0xea32",
    "ancient-pavilion-fill": "0xea33",
    "ancient-pavilion-line": "0xea34",
    "android-fill": "0xea35",
    "android-line": "0xea36",
    "angularjs-fill": "0xea37",
    "angularjs-line": "0xea38",
    "anticlockwise-2-fill": "0xea39",
    "anticlockwise-2-line": "0xea3a",
    "anticlockwise-fill": "0xea3b",
    "anticlockwise-line": "0xea3c",
    "app-store-fill": "0xea3d",
    "app-store-line": "0xea3e",
    "apple-fill": "0xea3f",
    "apple-line": "0xea40",
    "apps-2-fill": "0xea41",
    "apps-2-line": "0xea42",
    "apps-fill": "0xea43",
    "apps-line": "0xea44",
    "archive-drawer-fill": "0xea45",
    "archive-drawer-line": "0xea46",
    "archive-fill": "0xea47",
    "archive-line": "0xea48",
    "arrow-down-circle-fill": "0xea49",
    "arrow-down-circle-line": "0xea4a",
    "arrow-down-fill": "0xea4b",
    "arrow-down-line": "0xea4c",
    "arrow-down-s-fill": "0xea4d",
    "arrow-down-s-line": "0xea4e",
    "arrow-drop-down-fill": "0xea4f",
    "arrow-drop-down-line": "0xea50",
    "arrow-drop-left-fill": "0xea51",
    "arrow-drop-left-line": "0xea52",
    "arrow-drop-right-fill": "0xea53",
    "arrow-drop-right-line": "0xea54",
    "arrow-drop-up-fill": "0xea55",
    "arrow-drop-up-line": "0xea56",
    "arrow-go-back-fill": "0xea57",
    "arrow-go-back-line": "0xea58",
    "arrow-go-forward-fill": "0xea59",
    "arrow-go-forward-line": "0xea5a",
    "arrow-left-circle-fill": "0xea5b",
    "arrow-left-circle-line": "0xea5c",
    "arrow-left-down-fill": "0xea5d",
    "arrow-left-down-line": "0xea5e",
    "arrow-left-fill": "0xea5f",
    "arrow-left-line": "0xea60",
    "arrow-left-right-fill": "0xea61",
    "arrow-left-right-line": "0xea62",
    "arrow-left-s-fill": "0xea63",
    "arrow-left-s-line": "0xea64",
    "arrow-left-up-fill": "0xea65",
    "arrow-left-up-line": "0xea66",
    "arrow-right-circle-fill": "0xea67",
    "arrow-right-circle-line": "0xea68",
    "arrow-right-down-fill": "0xea69",
    "arrow-right-down-line": "0xea6a",
    "arrow-right-fill": "0xea6b",
    "arrow-right-line": "0xea6c",
    "arrow-right-s-fill": "0xea6d",
    "arrow-right-s-line": "0xea6e",
    "arrow-right-up-fill": "0xea6f",
    "arrow-right-up-line": "0xea70",
    "arrow-up-circle-fill": "0xea71",
    "arrow-up-circle-line": "0xea72",
    "arrow-up-down-fill": "0xea73",
    "arrow-up-down-line": "0xea74",
    "arrow-up-fill": "0xea75",
    "arrow-up-line": "0xea76",
    "arrow-up-s-fill": "0xea77",
    "arrow-up-s-line": "0xea78",
    "artboard-2-fill": "0xea79",
    "artboard-2-line": "0xea7a",
    "artboard-fill": "0xea7b",
    "artboard-line": "0xea7c",
    "article-fill": "0xea7d",
    "article-line": "0xea7e",
    "aspect-ratio-fill": "0xea7f",
    "aspect-ratio-line": "0xea80",
    "asterisk": "0xea81",
    "at-fill": "0xea82",
    "at-line": "0xea83",
    "attachment-2": "0xea84",
    "attachment-fill": "0xea85",
    "attachment-line": "0xea86",
    "auction-fill": "0xea87",
    "auction-line": "0xea88",
    "award-fill": "0xea89",
    "award-line": "0xea8a",
    "baidu-fill": "0xea8b",
    "baidu-line": "0xea8c",
    "ball-pen-fill": "0xea8d",
    "ball-pen-line": "0xea8e",
    "bank-card-2-fill": "0xea8f",
    "bank-card-2-line": "0xea90",
    "bank-card-fill": "0xea91",
    "bank-card-line": "0xea92",
    "bank-fill": "0xea93",
    "bank-line": "0xea94",
    "bar-chart-2-fill": "0xea95",
    "bar-chart-2-line": "0xea96",
    "bar-chart-box-fill": "0xea97",
    "bar-chart-box-line": "0xea98",
    "bar-chart-fill": "0xea99",
    "bar-chart-grouped-fill": "0xea9a",
    "bar-chart-grouped-line": "0xea9b",
    "bar-chart-horizontal-fill": "0xea9c",
    "bar-chart-horizontal-line": "0xea9d",
    "bar-chart-line": "0xea9e",
    "barcode-box-fill": "0xea9f",
    "barcode-box-line": "0xeaa0",
    "barcode-fill": "0xeaa1",
    "barcode-line": "0xeaa2",
    "barricade-fill": "0xeaa3",
    "barricade-line": "0xeaa4",
    "base-station-fill": "0xeaa5",
    "base-station-line": "0xeaa6",
    "basketball-fill": "0xeaa7",
    "basketball-line": "0xeaa8",
    "battery-2-charge-fill": "0xeaa9",
    "battery-2-charge-line": "0xeaaa",
    "battery-2-fill": "0xeaab",
    "battery-2-line": "0xeaac",
    "battery-charge-fill": "0xeaad",
    "battery-charge-line": "0xeaae",
    "battery-fill": "0xeaaf",
    "battery-line": "0xeab0",
    "battery-low-fill": "0xeab1",
    "battery-low-line": "0xeab2",
    "battery-saver-fill": "0xeab3",
    "battery-saver-line": "0xeab4",
    "battery-share-fill": "0xeab5",
    "battery-share-line": "0xeab6",
    "bear-smile-fill": "0xeab7",
    "bear-smile-line": "0xeab8",
    "behance-fill": "0xeab9",
    "behance-line": "0xeaba",
    "bell-fill": "0xeabb",
    "bell-line": "0xeabc",
    "bike-fill": "0xeabd",
    "bike-line": "0xeabe",
    "bilibili-fill": "0xeabf",
    "bilibili-line": "0xeac0",
    "bill-fill": "0xeac1",
    "bill-line": "0xeac2",
    "billiards-fill": "0xeac3",
    "billiards-line": "0xeac4",
    "bit-coin-fill": "0xeac5",
    "bit-coin-line": "0xeac6",
    "blaze-fill": "0xeac7",
    "blaze-line": "0xeac8",
    "bluetooth-connect-fill": "0xeac9",
    "bluetooth-connect-line": "0xeaca",
    "bluetooth-fill": "0xeacb",
    "bluetooth-line": "0xeacc",
    "blur-off-fill": "0xeacd",
    "blur-off-line": "0xeace",
    "body-scan-fill": "0xeacf",
    "body-scan-line": "0xead0",
    "bold": "0xead1",
    "book-2-fill": "0xead2",
    "book-2-line": "0xead3",
    "book-3-fill": "0xead4",
    "book-3-line": "0xead5",
    "book-fill": "0xead6",
    "book-line": "0xead7",
    "book-mark-fill": "0xead8",
    "book-mark-line": "0xead9",
    "book-open-fill": "0xeada",
    "book-open-line": "0xeadb",
    "book-read-fill": "0xeadc",
    "book-read-line": "0xeadd",
    "booklet-fill": "0xeade",
    "booklet-line": "0xeadf",
    "bookmark-2-fill": "0xeae0",
    "bookmark-2-line": "0xeae1",
    "bookmark-3-fill": "0xeae2",
    "bookmark-3-line": "0xeae3",
    "bookmark-fill": "0xeae4",
    "bookmark-line": "0xeae5",
    "boxing-fill": "0xeae6",
    "boxing-line": "0xeae7",
    "braces-fill": "0xeae8",
    "braces-line": "0xeae9",
    "brackets-fill": "0xeaea",
    "brackets-line": "0xeaeb",
    "briefcase-2-fill": "0xeaec",
    "briefcase-2-line": "0xeaed",
    "briefcase-3-fill": "0xeaee",
    "briefcase-3-line": "0xeaef",
    "briefcase-4-fill": "0xeaf0",
    "briefcase-4-line": "0xeaf1",
    "briefcase-5-fill": "0xeaf2",
    "briefcase-5-line": "0xeaf3",
    "briefcase-fill": "0xeaf4",
    "briefcase-line": "0xeaf5",
    "bring-forward": "0xeaf6",
    "bring-to-front": "0xeaf7",
    "broadcast-fill": "0xeaf8",
    "broadcast-line": "0xeaf9",
    "brush-2-fill": "0xeafa",
    "brush-2-line": "0xeafb",
    "brush-3-fill": "0xeafc",
    "brush-3-line": "0xeafd",
    "brush-4-fill": "0xeafe",
    "brush-4-line": "0xeaff",
    "brush-fill": "0xeb00",
    "brush-line": "0xeb01",
    "bubble-chart-fill": "0xeb02",
    "bubble-chart-line": "0xeb03",
    "bug-2-fill": "0xeb04",
    "bug-2-line": "0xeb05",
    "bug-fill": "0xeb06",
    "bug-line": "0xeb07",
    "building-2-fill": "0xeb08",
    "building-2-line": "0xeb09",
    "building-3-fill": "0xeb0a",
    "building-3-line": "0xeb0b",
    "building-4-fill": "0xeb0c",
    "building-4-line": "0xeb0d",
    "building-fill": "0xeb0e",
    "building-line": "0xeb0f",
    "bus-2-fill": "0xeb10",
    "bus-2-line": "0xeb11",
    "bus-fill": "0xeb12",
    "bus-line": "0xeb13",
    "bus-wifi-fill": "0xeb14",
    "bus-wifi-line": "0xeb15",
    "cactus-fill": "0xeb16",
    "cactus-line": "0xeb17",
    "cake-2-fill": "0xeb18",
    "cake-2-line": "0xeb19",
    "cake-3-fill": "0xeb1a",
    "cake-3-line": "0xeb1b",
    "cake-fill": "0xeb1c",
    "cake-line": "0xeb1d",
    "calculator-fill": "0xeb1e",
    "calculator-line": "0xeb1f",
    "calendar-2-fill": "0xeb20",
    "calendar-2-line": "0xeb21",
    "calendar-check-fill": "0xeb22",
    "calendar-check-line": "0xeb23",
    "calendar-event-fill": "0xeb24",
    "calendar-event-line": "0xeb25",
    "calendar-fill": "0xeb26",
    "calendar-line": "0xeb27",
    "calendar-todo-fill": "0xeb28",
    "calendar-todo-line": "0xeb29",
    "camera-2-fill": "0xeb2a",
    "camera-2-line": "0xeb2b",
    "camera-3-fill": "0xeb2c",
    "camera-3-line": "0xeb2d",
    "camera-fill": "0xeb2e",
    "camera-lens-fill": "0xeb2f",
    "camera-lens-line": "0xeb30",
    "camera-line": "0xeb31",
    "camera-off-fill": "0xeb32",
    "camera-off-line": "0xeb33",
    "camera-switch-fill": "0xeb34",
    "camera-switch-line": "0xeb35",
    "capsule-fill": "0xeb36",
    "capsule-line": "0xeb37",
    "car-fill": "0xeb38",
    "car-line": "0xeb39",
    "car-washing-fill": "0xeb3a",
    "car-washing-line": "0xeb3b",
    "caravan-fill": "0xeb3c",
    "caravan-line": "0xeb3d",
    "cast-fill": "0xeb3e",
    "cast-line": "0xeb3f",
    "cellphone-fill": "0xeb40",
    "cellphone-line": "0xeb41",
    "celsius-fill": "0xeb42",
    "celsius-line": "0xeb43",
    "centos-fill": "0xeb44",
    "centos-line": "0xeb45",
    "character-recognition-fill": "0xeb46",
    "character-recognition-line": "0xeb47",
    "charging-pile-2-fill": "0xeb48",
    "charging-pile-2-line": "0xeb49",
    "charging-pile-fill": "0xeb4a",
    "charging-pile-line": "0xeb4b",
    "chat-1-fill": "0xeb4c",
    "chat-1-line": "0xeb4d",
    "chat-2-fill": "0xeb4e",
    "chat-2-line": "0xeb4f",
    "chat-3-fill": "0xeb50",
    "chat-3-line": "0xeb51",
    "chat-4-fill": "0xeb52",
    "chat-4-line": "0xeb53",
    "chat-check-fill": "0xeb54",
    "chat-check-line": "0xeb55",
    "chat-delete-fill": "0xeb56",
    "chat-delete-line": "0xeb57",
    "chat-download-fill": "0xeb58",
    "chat-download-line": "0xeb59",
    "chat-follow-up-fill": "0xeb5a",
    "chat-follow-up-line": "0xeb5b",
    "chat-forward-fill": "0xeb5c",
    "chat-forward-line": "0xeb5d",
    "chat-heart-fill": "0xeb5e",
    "chat-heart-line": "0xeb5f",
    "chat-history-fill": "0xeb60",
    "chat-history-line": "0xeb61",
    "chat-new-fill": "0xeb62",
    "chat-new-line": "0xeb63",
    "chat-off-fill": "0xeb64",
    "chat-off-line": "0xeb65",
    "chat-poll-fill": "0xeb66",
    "chat-poll-line": "0xeb67",
    "chat-private-fill": "0xeb68",
    "chat-private-line": "0xeb69",
    "chat-quote-fill": "0xeb6a",
    "chat-quote-line": "0xeb6b",
    "chat-settings-fill": "0xeb6c",
    "chat-settings-line": "0xeb6d",
    "chat-smile-2-fill": "0xeb6e",
    "chat-smile-2-line": "0xeb6f",
    "chat-smile-3-fill": "0xeb70",
    "chat-smile-3-line": "0xeb71",
    "chat-smile-fill": "0xeb72",
    "chat-smile-line": "0xeb73",
    "chat-upload-fill": "0xeb74",
    "chat-upload-line": "0xeb75",
    "chat-voice-fill": "0xeb76",
    "chat-voice-line": "0xeb77",
    "check-double-fill": "0xeb78",
    "check-double-line": "0xeb79",
    "check-fill": "0xeb7a",
    "check-line": "0xeb7b",
    "checkbox-blank-circle-fill": "0xeb7c",
    "checkbox-blank-circle-line": "0xeb7d",
    "checkbox-blank-fill": "0xeb7e",
    "checkbox-blank-line": "0xeb7f",
    "checkbox-circle-fill": "0xeb80",
    "checkbox-circle-line": "0xeb81",
    "checkbox-fill": "0xeb82",
    "checkbox-indeterminate-fill": "0xeb83",
    "checkbox-indeterminate-line": "0xeb84",
    "checkbox-line": "0xeb85",
    "checkbox-multiple-blank-fill": "0xeb86",
    "checkbox-multiple-blank-line": "0xeb87",
    "checkbox-multiple-fill": "0xeb88",
    "checkbox-multiple-line": "0xeb89",
    "china-railway-fill": "0xeb8a",
    "china-railway-line": "0xeb8b",
    "chrome-fill": "0xeb8c",
    "chrome-line": "0xeb8d",
    "clapperboard-fill": "0xeb8e",
    "clapperboard-line": "0xeb8f",
    "clipboard-fill": "0xeb90",
    "clipboard-line": "0xeb91",
    "clockwise-2-fill": "0xeb92",
    "clockwise-2-line": "0xeb93",
    "clockwise-fill": "0xeb94",
    "clockwise-line": "0xeb95",
    "close-circle-fill": "0xeb96",
    "close-circle-line": "0xeb97",
    "close-fill": "0xeb98",
    "close-line": "0xeb99",
    "closed-captioning-fill": "0xeb9a",
    "closed-captioning-line": "0xeb9b",
    "cloud-fill": "0xeb9c",
    "cloud-line": "0xeb9d",
    "cloud-off-fill": "0xeb9e",
    "cloud-off-line": "0xeb9f",
    "cloud-windy-fill": "0xeba0",
    "cloud-windy-line": "0xeba1",
    "cloudy-2-fill": "0xeba2",
    "cloudy-2-line": "0xeba3",
    "cloudy-fill": "0xeba4",
    "cloudy-line": "0xeba5",
    "code-box-fill": "0xeba6",
    "code-box-line": "0xeba7",
    "code-fill": "0xeba8",
    "code-line": "0xeba9",
    "code-s-fill": "0xebaa",
    "code-s-line": "0xebab",
    "code-s-slash-fill": "0xebac",
    "code-s-slash-line": "0xebad",
    "code-view": "0xebae",
    "codepen-fill": "0xebaf",
    "codepen-line": "0xebb0",
    "coin-fill": "0xebb1",
    "coin-line": "0xebb2",
    "coins-fill": "0xebb3",
    "coins-line": "0xebb4",
    "collage-fill": "0xebb5",
    "collage-line": "0xebb6",
    "command-fill": "0xebb7",
    "command-line": "0xebb8",
    "community-fill": "0xebb9",
    "community-line": "0xebba",
    "compass-2-fill": "0xebbb",
    "compass-2-line": "0xebbc",
    "compass-3-fill": "0xebbd",
    "compass-3-line": "0xebbe",
    "compass-4-fill": "0xebbf",
    "compass-4-line": "0xebc0",
    "compass-discover-fill": "0xebc1",
    "compass-discover-line": "0xebc2",
    "compass-fill": "0xebc3",
    "compass-line": "0xebc4",
    "compasses-2-fill": "0xebc5",
    "compasses-2-line": "0xebc6",
    "compasses-fill": "0xebc7",
    "compasses-line": "0xebc8",
    "computer-fill": "0xebc9",
    "computer-line": "0xebca",
    "contacts-book-2-fill": "0xebcb",
    "contacts-book-2-line": "0xebcc",
    "contacts-book-fill": "0xebcd",
    "contacts-book-line": "0xebce",
    "contacts-book-upload-fill": "0xebcf",
    "contacts-book-upload-line": "0xebd0",
    "contacts-fill": "0xebd1",
    "contacts-line": "0xebd2",
    "contrast-2-fill": "0xebd3",
    "contrast-2-line": "0xebd4",
    "contrast-drop-2-fill": "0xebd5",
    "contrast-drop-2-line": "0xebd6",
    "contrast-drop-fill": "0xebd7",
    "contrast-drop-line": "0xebd8",
    "contrast-fill": "0xebd9",
    "contrast-line": "0xebda",
    "copper-coin-fill": "0xebdb",
    "copper-coin-line": "0xebdc",
    "copper-diamond-fill": "0xebdd",
    "copper-diamond-line": "0xebde",
    "copyleft-fill": "0xebdf",
    "copyleft-line": "0xebe0",
    "copyright-fill": "0xebe1",
    "copyright-line": "0xebe2",
    "coreos-fill": "0xebe3",
    "coreos-line": "0xebe4",
    "coupon-2-fill": "0xebe5",
    "coupon-2-line": "0xebe6",
    "coupon-3-fill": "0xebe7",
    "coupon-3-line": "0xebe8",
    "coupon-4-fill": "0xebe9",
    "coupon-4-line": "0xebea",
    "coupon-5-fill": "0xebeb",
    "coupon-5-line": "0xebec",
    "coupon-fill": "0xebed",
    "coupon-line": "0xebee",
    "cpu-fill": "0xebef",
    "cpu-line": "0xebf0",
    "creative-commons-by-fill": "0xebf1",
    "creative-commons-by-line": "0xebf2",
    "creative-commons-fill": "0xebf3",
    "creative-commons-line": "0xebf4",
    "creative-commons-nc-fill": "0xebf5",
    "creative-commons-nc-line": "0xebf6",
    "creative-commons-nd-fill": "0xebf7",
    "creative-commons-nd-line": "0xebf8",
    "creative-commons-sa-fill": "0xebf9",
    "creative-commons-sa-line": "0xebfa",
    "creative-commons-zero-fill": "0xebfb",
    "creative-commons-zero-line": "0xebfc",
    "criminal-fill": "0xebfd",
    "criminal-line": "0xebfe",
    "crop-2-fill": "0xebff",
    "crop-2-line": "0xec00",
    "crop-fill": "0xec01",
    "crop-line": "0xec02",
    "css3-fill": "0xec03",
    "css3-line": "0xec04",
    "cup-fill": "0xec05",
    "cup-line": "0xec06",
    "currency-fill": "0xec07",
    "currency-line": "0xec08",
    "cursor-fill": "0xec09",
    "cursor-line": "0xec0a",
    "customer-service-2-fill": "0xec0b",
    "customer-service-2-line": "0xec0c",
    "customer-service-fill": "0xec0d",
    "customer-service-line": "0xec0e",
    "dashboard-2-fill": "0xec0f",
    "dashboard-2-line": "0xec10",
    "dashboard-3-fill": "0xec11",
    "dashboard-3-line": "0xec12",
    "dashboard-fill": "0xec13",
    "dashboard-line": "0xec14",
    "database-2-fill": "0xec15",
    "database-2-line": "0xec16",
    "database-fill": "0xec17",
    "database-line": "0xec18",
    "delete-back-2-fill": "0xec19",
    "delete-back-2-line": "0xec1a",
    "delete-back-fill": "0xec1b",
    "delete-back-line": "0xec1c",
    "delete-bin-2-fill": "0xec1d",
    "delete-bin-2-line": "0xec1e",
    "delete-bin-3-fill": "0xec1f",
    "delete-bin-3-line": "0xec20",
    "delete-bin-4-fill": "0xec21",
    "delete-bin-4-line": "0xec22",
    "delete-bin-5-fill": "0xec23",
    "delete-bin-5-line": "0xec24",
    "delete-bin-6-fill": "0xec25",
    "delete-bin-6-line": "0xec26",
    "delete-bin-7-fill": "0xec27",
    "delete-bin-7-line": "0xec28",
    "delete-bin-fill": "0xec29",
    "delete-bin-line": "0xec2a",
    "delete-column": "0xec2b",
    "delete-row": "0xec2c",
    "device-fill": "0xec2d",
    "device-line": "0xec2e",
    "device-recover-fill": "0xec2f",
    "device-recover-line": "0xec30",
    "dingding-fill": "0xec31",
    "dingding-line": "0xec32",
    "direction-fill": "0xec33",
    "direction-line": "0xec34",
    "disc-fill": "0xec35",
    "disc-line": "0xec36",
    "discord-fill": "0xec37",
    "discord-line": "0xec38",
    "discuss-fill": "0xec39",
    "discuss-line": "0xec3a",
    "dislike-fill": "0xec3b",
    "dislike-line": "0xec3c",
    "disqus-fill": "0xec3d",
    "disqus-line": "0xec3e",
    "divide-fill": "0xec3f",
    "divide-line": "0xec40",
    "donut-chart-fill": "0xec41",
    "donut-chart-line": "0xec42",
    "door-closed-fill": "0xec43",
    "door-closed-line": "0xec44",
    "door-fill": "0xec45",
    "door-line": "0xec46",
    "door-lock-box-fill": "0xec47",
    "door-lock-box-line": "0xec48",
    "door-lock-fill": "0xec49",
    "door-lock-line": "0xec4a",
    "door-open-fill": "0xec4b",
    "door-open-line": "0xec4c",
    "dossier-fill": "0xec4d",
    "dossier-line": "0xec4e",
    "douban-fill": "0xec4f",
    "douban-line": "0xec50",
    "double-quotes-l": "0xec51",
    "double-quotes-r": "0xec52",
    "download-2-fill": "0xec53",
    "download-2-line": "0xec54",
    "download-cloud-2-fill": "0xec55",
    "download-cloud-2-line": "0xec56",
    "download-cloud-fill": "0xec57",
    "download-cloud-line": "0xec58",
    "download-fill": "0xec59",
    "download-line": "0xec5a",
    "draft-fill": "0xec5b",
    "draft-line": "0xec5c",
    "drag-drop-fill": "0xec5d",
    "drag-drop-line": "0xec5e",
    "drag-move-2-fill": "0xec5f",
    "drag-move-2-line": "0xec60",
    "drag-move-fill": "0xec61",
    "drag-move-line": "0xec62",
    "dribbble-fill": "0xec63",
    "dribbble-line": "0xec64",
    "drive-fill": "0xec65",
    "drive-line": "0xec66",
    "drizzle-fill": "0xec67",
    "drizzle-line": "0xec68",
    "drop-fill": "0xec69",
    "drop-line": "0xec6a",
    "dropbox-fill": "0xec6b",
    "dropbox-line": "0xec6c",
    "dual-sim-1-fill": "0xec6d",
    "dual-sim-1-line": "0xec6e",
    "dual-sim-2-fill": "0xec6f",
    "dual-sim-2-line": "0xec70",
    "dv-fill": "0xec71",
    "dv-line": "0xec72",
    "dvd-fill": "0xec73",
    "dvd-line": "0xec74",
    "e-bike-2-fill": "0xec75",
    "e-bike-2-line": "0xec76",
    "e-bike-fill": "0xec77",
    "e-bike-line": "0xec78",
    "earth-fill": "0xec79",
    "earth-line": "0xec7a",
    "earthquake-fill": "0xec7b",
    "earthquake-line": "0xec7c",
    "edge-fill": "0xec7d",
    "edge-line": "0xec7e",
    "edit-2-fill": "0xec7f",
    "edit-2-line": "0xec80",
    "edit-box-fill": "0xec81",
    "edit-box-line": "0xec82",
    "edit-circle-fill": "0xec83",
    "edit-circle-line": "0xec84",
    "edit-fill": "0xec85",
    "edit-line": "0xec86",
    "eject-fill": "0xec87",
    "eject-line": "0xec88",
    "emotion-2-fill": "0xec89",
    "emotion-2-line": "0xec8a",
    "emotion-fill": "0xec8b",
    "emotion-happy-fill": "0xec8c",
    "emotion-happy-line": "0xec8d",
    "emotion-laugh-fill": "0xec8e",
    "emotion-laugh-line": "0xec8f",
    "emotion-line": "0xec90",
    "emotion-normal-fill": "0xec91",
    "emotion-normal-line": "0xec92",
    "emotion-sad-fill": "0xec93",
    "emotion-sad-line": "0xec94",
    "emotion-unhappy-fill": "0xec95",
    "emotion-unhappy-line": "0xec96",
    "empathize-fill": "0xec97",
    "empathize-line": "0xec98",
    "emphasis": "0xec9a",
    "emphasis-cn": "0xec99",
    "english-input": "0xec9b",
    "equalizer-fill": "0xec9c",
    "equalizer-line": "0xec9d",
    "eraser-fill": "0xec9e",
    "eraser-line": "0xec9f",
    "error-warning-fill": "0xeca0",
    "error-warning-line": "0xeca1",
    "evernote-fill": "0xeca2",
    "evernote-line": "0xeca3",
    "exchange-box-fill": "0xeca4",
    "exchange-box-line": "0xeca5",
    "exchange-cny-fill": "0xeca6",
    "exchange-cny-line": "0xeca7",
    "exchange-dollar-fill": "0xeca8",
    "exchange-dollar-line": "0xeca9",
    "exchange-fill": "0xecaa",
    "exchange-funds-fill": "0xecab",
    "exchange-funds-line": "0xecac",
    "exchange-line": "0xecad",
    "external-link-fill": "0xecae",
    "external-link-line": "0xecaf",
    "eye-2-fill": "0xecb0",
    "eye-2-line": "0xecb1",
    "eye-close-fill": "0xecb2",
    "eye-close-line": "0xecb3",
    "eye-fill": "0xecb4",
    "eye-line": "0xecb5",
    "eye-off-fill": "0xecb6",
    "eye-off-line": "0xecb7",
    "facebook-box-fill": "0xecb8",
    "facebook-box-line": "0xecb9",
    "facebook-circle-fill": "0xecba",
    "facebook-circle-line": "0xecbb",
    "facebook-fill": "0xecbc",
    "facebook-line": "0xecbd",
    "fahrenheit-fill": "0xecbe",
    "fahrenheit-line": "0xecbf",
    "feedback-fill": "0xecc0",
    "feedback-line": "0xecc1",
    "file-2-fill": "0xecc2",
    "file-2-line": "0xecc3",
    "file-3-fill": "0xecc4",
    "file-3-line": "0xecc5",
    "file-4-fill": "0xecc6",
    "file-4-line": "0xecc7",
    "file-add-fill": "0xecc8",
    "file-add-line": "0xecc9",
    "file-chart-2-fill": "0xecca",
    "file-chart-2-line": "0xeccb",
    "file-chart-fill": "0xeccc",
    "file-chart-line": "0xeccd",
    "file-cloud-fill": "0xecce",
    "file-cloud-line": "0xeccf",
    "file-code-fill": "0xecd0",
    "file-code-line": "0xecd1",
    "file-copy-2-fill": "0xecd2",
    "file-copy-2-line": "0xecd3",
    "file-copy-fill": "0xecd4",
    "file-copy-line": "0xecd5",
    "file-damage-fill": "0xecd6",
    "file-damage-line": "0xecd7",
    "file-download-fill": "0xecd8",
    "file-download-line": "0xecd9",
    "file-edit-fill": "0xecda",
    "file-edit-line": "0xecdb",
    "file-excel-2-fill": "0xecdc",
    "file-excel-2-line": "0xecdd",
    "file-excel-fill": "0xecde",
    "file-excel-line": "0xecdf",
    "file-fill": "0xece0",
    "file-forbid-fill": "0xece1",
    "file-forbid-line": "0xece2",
    "file-gif-fill": "0xece3",
    "file-gif-line": "0xece4",
    "file-history-fill": "0xece5",
    "file-history-line": "0xece6",
    "file-hwp-fill": "0xece7",
    "file-hwp-line": "0xece8",
    "file-info-fill": "0xece9",
    "file-info-line": "0xecea",
    "file-line": "0xeceb",
    "file-list-2-fill": "0xecec",
    "file-list-2-line": "0xeced",
    "file-list-3-fill": "0xecee",
    "file-list-3-line": "0xecef",
    "file-list-fill": "0xecf0",
    "file-list-line": "0xecf1",
    "file-lock-fill": "0xecf2",
    "file-lock-line": "0xecf3",
    "file-mark-fill": "0xecf4",
    "file-mark-line": "0xecf5",
    "file-music-fill": "0xecf6",
    "file-music-line": "0xecf7",
    "file-paper-2-fill": "0xecf8",
    "file-paper-2-line": "0xecf9",
    "file-paper-fill": "0xecfa",
    "file-paper-line": "0xecfb",
    "file-pdf-fill": "0xecfc",
    "file-pdf-line": "0xecfd",
    "file-ppt-2-fill": "0xecfe",
    "file-ppt-2-line": "0xecff",
    "file-ppt-fill": "0xed00",
    "file-ppt-line": "0xed01",
    "file-reduce-fill": "0xed02",
    "file-reduce-line": "0xed03",
    "file-search-fill": "0xed04",
    "file-search-line": "0xed05",
    "file-settings-fill": "0xed06",
    "file-settings-line": "0xed07",
    "file-shield-2-fill": "0xed08",
    "file-shield-2-line": "0xed09",
    "file-shield-fill": "0xed0a",
    "file-shield-line": "0xed0b",
    "file-shred-fill": "0xed0c",
    "file-shred-line": "0xed0d",
    "file-text-fill": "0xed0e",
    "file-text-line": "0xed0f",
    "file-transfer-fill": "0xed10",
    "file-transfer-line": "0xed11",
    "file-unknow-fill": "0xed12",
    "file-unknow-line": "0xed13",
    "file-upload-fill": "0xed14",
    "file-upload-line": "0xed15",
    "file-user-fill": "0xed16",
    "file-user-line": "0xed17",
    "file-warning-fill": "0xed18",
    "file-warning-line": "0xed19",
    "file-word-2-fill": "0xed1a",
    "file-word-2-line": "0xed1b",
    "file-word-fill": "0xed1c",
    "file-word-line": "0xed1d",
    "file-zip-fill": "0xed1e",
    "file-zip-line": "0xed1f",
    "film-fill": "0xed20",
    "film-line": "0xed21",
    "filter-2-fill": "0xed22",
    "filter-2-line": "0xed23",
    "filter-3-fill": "0xed24",
    "filter-3-line": "0xed25",
    "filter-fill": "0xed26",
    "filter-line": "0xed27",
    "filter-off-fill": "0xed28",
    "filter-off-line": "0xed29",
    "find-replace-fill": "0xed2a",
    "find-replace-line": "0xed2b",
    "finder-fill": "0xed2c",
    "finder-line": "0xed2d",
    "fingerprint-2-fill": "0xed2e",
    "fingerprint-2-line": "0xed2f",
    "fingerprint-fill": "0xed30",
    "fingerprint-line": "0xed31",
    "fire-fill": "0xed32",
    "fire-line": "0xed33",
    "firefox-fill": "0xed34",
    "firefox-line": "0xed35",
    "first-aid-kit-fill": "0xed36",
    "first-aid-kit-line": "0xed37",
    "flag-2-fill": "0xed38",
    "flag-2-line": "0xed39",
    "flag-fill": "0xed3a",
    "flag-line": "0xed3b",
    "flashlight-fill": "0xed3c",
    "flashlight-line": "0xed3d",
    "flask-fill": "0xed3e",
    "flask-line": "0xed3f",
    "flight-land-fill": "0xed40",
    "flight-land-line": "0xed41",
    "flight-takeoff-fill": "0xed42",
    "flight-takeoff-line": "0xed43",
    "flood-fill": "0xed44",
    "flood-line": "0xed45",
    "flow-chart": "0xed46",
    "flutter-fill": "0xed47",
    "flutter-line": "0xed48",
    "focus-2-fill": "0xed49",
    "focus-2-line": "0xed4a",
    "focus-3-fill": "0xed4b",
    "focus-3-line": "0xed4c",
    "focus-fill": "0xed4d",
    "focus-line": "0xed4e",
    "foggy-fill": "0xed4f",
    "foggy-line": "0xed50",
    "folder-2-fill": "0xed51",
    "folder-2-line": "0xed52",
    "folder-3-fill": "0xed53",
    "folder-3-line": "0xed54",
    "folder-4-fill": "0xed55",
    "folder-4-line": "0xed56",
    "folder-5-fill": "0xed57",
    "folder-5-line": "0xed58",
    "folder-add-fill": "0xed59",
    "folder-add-line": "0xed5a",
    "folder-chart-2-fill": "0xed5b",
    "folder-chart-2-line": "0xed5c",
    "folder-chart-fill": "0xed5d",
    "folder-chart-line": "0xed5e",
    "folder-download-fill": "0xed5f",
    "folder-download-line": "0xed60",
    "folder-fill": "0xed61",
    "folder-forbid-fill": "0xed62",
    "folder-forbid-line": "0xed63",
    "folder-history-fill": "0xed64",
    "folder-history-line": "0xed65",
    "folder-info-fill": "0xed66",
    "folder-info-line": "0xed67",
    "folder-keyhole-fill": "0xed68",
    "folder-keyhole-line": "0xed69",
    "folder-line": "0xed6a",
    "folder-lock-fill": "0xed6b",
    "folder-lock-line": "0xed6c",
    "folder-music-fill": "0xed6d",
    "folder-music-line": "0xed6e",
    "folder-open-fill": "0xed6f",
    "folder-open-line": "0xed70",
    "folder-received-fill": "0xed71",
    "folder-received-line": "0xed72",
    "folder-reduce-fill": "0xed73",
    "folder-reduce-line": "0xed74",
    "folder-settings-fill": "0xed75",
    "folder-settings-line": "0xed76",
    "folder-shared-fill": "0xed77",
    "folder-shared-line": "0xed78",
    "folder-shield-2-fill": "0xed79",
    "folder-shield-2-line": "0xed7a",
    "folder-shield-fill": "0xed7b",
    "folder-shield-line": "0xed7c",
    "folder-transfer-fill": "0xed7d",
    "folder-transfer-line": "0xed7e",
    "folder-unknow-fill": "0xed7f",
    "folder-unknow-line": "0xed80",
    "folder-upload-fill": "0xed81",
    "folder-upload-line": "0xed82",
    "folder-user-fill": "0xed83",
    "folder-user-line": "0xed84",
    "folder-warning-fill": "0xed85",
    "folder-warning-line": "0xed86",
    "folder-zip-fill": "0xed87",
    "folder-zip-line": "0xed88",
    "folders-fill": "0xed89",
    "folders-line": "0xed8a",
    "font-color": "0xed8b",
    "font-size": "0xed8d",
    "font-size-2": "0xed8c",
    "football-fill": "0xed8e",
    "football-line": "0xed8f",
    "footprint-fill": "0xed90",
    "footprint-line": "0xed91",
    "forbid-2-fill": "0xed92",
    "forbid-2-line": "0xed93",
    "forbid-fill": "0xed94",
    "forbid-line": "0xed95",
    "format-clear": "0xed96",
    "fridge-fill": "0xed97",
    "fridge-line": "0xed98",
    "fullscreen-exit-fill": "0xed99",
    "fullscreen-exit-line": "0xed9a",
    "fullscreen-fill": "0xed9b",
    "fullscreen-line": "0xed9c",
    "function-fill": "0xed9d",
    "function-line": "0xed9e",
    "functions": "0xed9f",
    "funds-box-fill": "0xeda0",
    "funds-box-line": "0xeda1",
    "funds-fill": "0xeda2",
    "funds-line": "0xeda3",
    "gallery-fill": "0xeda4",
    "gallery-line": "0xeda5",
    "gallery-upload-fill": "0xeda6",
    "gallery-upload-line": "0xeda7",
    "game-fill": "0xeda8",
    "game-line": "0xeda9",
    "gamepad-fill": "0xedaa",
    "gamepad-line": "0xedab",
    "gas-station-fill": "0xedac",
    "gas-station-line": "0xedad",
    "gatsby-fill": "0xedae",
    "gatsby-line": "0xedaf",
    "genderless-fill": "0xedb0",
    "genderless-line": "0xedb1",
    "ghost-2-fill": "0xedb2",
    "ghost-2-line": "0xedb3",
    "ghost-fill": "0xedb4",
    "ghost-line": "0xedb5",
    "ghost-smile-fill": "0xedb6",
    "ghost-smile-line": "0xedb7",
    "gift-2-fill": "0xedb8",
    "gift-2-line": "0xedb9",
    "gift-fill": "0xedba",
    "gift-line": "0xedbb",
    "git-branch-fill": "0xedbc",
    "git-branch-line": "0xedbd",
    "git-commit-fill": "0xedbe",
    "git-commit-line": "0xedbf",
    "git-merge-fill": "0xedc0",
    "git-merge-line": "0xedc1",
    "git-pull-request-fill": "0xedc2",
    "git-pull-request-line": "0xedc3",
    "git-repository-commits-fill": "0xedc4",
    "git-repository-commits-line": "0xedc5",
    "git-repository-fill": "0xedc6",
    "git-repository-line": "0xedc7",
    "git-repository-private-fill": "0xedc8",
    "git-repository-private-line": "0xedc9",
    "github-fill": "0xedca",
    "github-line": "0xedcb",
    "gitlab-fill": "0xedcc",
    "gitlab-line": "0xedcd",
    "global-fill": "0xedce",
    "global-line": "0xedcf",
    "globe-fill": "0xedd0",
    "globe-line": "0xedd1",
    "goblet-fill": "0xedd2",
    "goblet-line": "0xedd3",
    "google-fill": "0xedd4",
    "google-line": "0xedd5",
    "google-play-fill": "0xedd6",
    "google-play-line": "0xedd7",
    "government-fill": "0xedd8",
    "government-line": "0xedd9",
    "gps-fill": "0xedda",
    "gps-line": "0xeddb",
    "gradienter-fill": "0xeddc",
    "gradienter-line": "0xeddd",
    "grid-fill": "0xedde",
    "grid-line": "0xeddf",
    "group-2-fill": "0xede0",
    "group-2-line": "0xede1",
    "group-fill": "0xede2",
    "group-line": "0xede3",
    "guide-fill": "0xede4",
    "guide-line": "0xede5",
    "h-1": "0xede6",
    "h-2": "0xede7",
    "h-3": "0xede8",
    "h-4": "0xede9",
    "h-5": "0xedea",
    "h-6": "0xedeb",
    "hail-fill": "0xedec",
    "hail-line": "0xeded",
    "hammer-fill": "0xedee",
    "hammer-line": "0xedef",
    "hand-coin-fill": "0xedf0",
    "hand-coin-line": "0xedf1",
    "hand-heart-fill": "0xedf2",
    "hand-heart-line": "0xedf3",
    "hand-sanitizer-fill": "0xedf4",
    "hand-sanitizer-line": "0xedf5",
    "handbag-fill": "0xedf6",
    "handbag-line": "0xedf7",
    "hard-drive-2-fill": "0xedf8",
    "hard-drive-2-line": "0xedf9",
    "hard-drive-fill": "0xedfa",
    "hard-drive-line": "0xedfb",
    "hashtag": "0xedfc",
    "haze-2-fill": "0xedfd",
    "haze-2-line": "0xedfe",
    "haze-fill": "0xedff",
    "haze-line": "0xee00",
    "hd-fill": "0xee01",
    "hd-line": "0xee02",
    "heading": "0xee03",
    "headphone-fill": "0xee04",
    "headphone-line": "0xee05",
    "health-book-fill": "0xee06",
    "health-book-line": "0xee07",
    "heart-2-fill": "0xee08",
    "heart-2-line": "0xee09",
    "heart-3-fill": "0xee0a",
    "heart-3-line": "0xee0b",
    "heart-add-fill": "0xee0c",
    "heart-add-line": "0xee0d",
    "heart-fill": "0xee0e",
    "heart-line": "0xee0f",
    "heart-pulse-fill": "0xee10",
    "heart-pulse-line": "0xee11",
    "hearts-fill": "0xee12",
    "hearts-line": "0xee13",
    "heavy-showers-fill": "0xee14",
    "heavy-showers-line": "0xee15",
    "history-fill": "0xee16",
    "history-line": "0xee17",
    "home-2-fill": "0xee18",
    "home-2-line": "0xee19",
    "home-3-fill": "0xee1a",
    "home-3-line": "0xee1b",
    "home-4-fill": "0xee1c",
    "home-4-line": "0xee1d",
    "home-5-fill": "0xee1e",
    "home-5-line": "0xee1f",
    "home-6-fill": "0xee20",
    "home-6-line": "0xee21",
    "home-7-fill": "0xee22",
    "home-7-line": "0xee23",
    "home-8-fill": "0xee24",
    "home-8-line": "0xee25",
    "home-fill": "0xee26",
    "home-gear-fill": "0xee27",
    "home-gear-line": "0xee28",
    "home-heart-fill": "0xee29",
    "home-heart-line": "0xee2a",
    "home-line": "0xee2b",
    "home-smile-2-fill": "0xee2c",
    "home-smile-2-line": "0xee2d",
    "home-smile-fill": "0xee2e",
    "home-smile-line": "0xee2f",
    "home-wifi-fill": "0xee30",
    "home-wifi-line": "0xee31",
    "honor-of-kings-fill": "0xee32",
    "honor-of-kings-line": "0xee33",
    "honour-fill": "0xee34",
    "honour-line": "0xee35",
    "hospital-fill": "0xee36",
    "hospital-line": "0xee37",
    "hotel-bed-fill": "0xee38",
    "hotel-bed-line": "0xee39",
    "hotel-fill": "0xee3a",
    "hotel-line": "0xee3b",
    "hotspot-fill": "0xee3c",
    "hotspot-line": "0xee3d",
    "hq-fill": "0xee3e",
    "hq-line": "0xee3f",
    "html5-fill": "0xee40",
    "html5-line": "0xee41",
    "ie-fill": "0xee42",
    "ie-line": "0xee43",
    "image-2-fill": "0xee44",
    "image-2-line": "0xee45",
    "image-add-fill": "0xee46",
    "image-add-line": "0xee47",
    "image-edit-fill": "0xee48",
    "image-edit-line": "0xee49",
    "image-fill": "0xee4a",
    "image-line": "0xee4b",
    "inbox-archive-fill": "0xee4c",
    "inbox-archive-line": "0xee4d",
    "inbox-fill": "0xee4e",
    "inbox-line": "0xee4f",
    "inbox-unarchive-fill": "0xee50",
    "inbox-unarchive-line": "0xee51",
    "increase-decrease-fill": "0xee52",
    "increase-decrease-line": "0xee53",
    "indent-decrease": "0xee54",
    "indent-increase": "0xee55",
    "indeterminate-circle-fill": "0xee56",
    "indeterminate-circle-line": "0xee57",
    "information-fill": "0xee58",
    "information-line": "0xee59",
    "infrared-thermometer-fill": "0xee5a",
    "infrared-thermometer-line": "0xee5b",
    "ink-bottle-fill": "0xee5c",
    "ink-bottle-line": "0xee5d",
    "input-cursor-move": "0xee5e",
    "input-method-fill": "0xee5f",
    "input-method-line": "0xee60",
    "insert-column-left": "0xee61",
    "insert-column-right": "0xee62",
    "insert-row-bottom": "0xee63",
    "insert-row-top": "0xee64",
    "instagram-fill": "0xee65",
    "instagram-line": "0xee66",
    "install-fill": "0xee67",
    "install-line": "0xee68",
    "invision-fill": "0xee69",
    "invision-line": "0xee6a",
    "italic": "0xee6b",
    "kakao-talk-fill": "0xee6c",
    "kakao-talk-line": "0xee6d",
    "key-2-fill": "0xee6e",
    "key-2-line": "0xee6f",
    "key-fill": "0xee70",
    "key-line": "0xee71",
    "keyboard-box-fill": "0xee72",
    "keyboard-box-line": "0xee73",
    "keyboard-fill": "0xee74",
    "keyboard-line": "0xee75",
    "keynote-fill": "0xee76",
    "keynote-line": "0xee77",
    "knife-blood-fill": "0xee78",
    "knife-blood-line": "0xee79",
    "knife-fill": "0xee7a",
    "knife-line": "0xee7b",
    "landscape-fill": "0xee7c",
    "landscape-line": "0xee7d",
    "layout-2-fill": "0xee7e",
    "layout-2-line": "0xee7f",
    "layout-3-fill": "0xee80",
    "layout-3-line": "0xee81",
    "layout-4-fill": "0xee82",
    "layout-4-line": "0xee83",
    "layout-5-fill": "0xee84",
    "layout-5-line": "0xee85",
    "layout-6-fill": "0xee86",
    "layout-6-line": "0xee87",
    "layout-bottom-2-fill": "0xee88",
    "layout-bottom-2-line": "0xee89",
    "layout-bottom-fill": "0xee8a",
    "layout-bottom-line": "0xee8b",
    "layout-column-fill": "0xee8c",
    "layout-column-line": "0xee8d",
    "layout-fill": "0xee8e",
    "layout-grid-fill": "0xee8f",
    "layout-grid-line": "0xee90",
    "layout-left-2-fill": "0xee91",
    "layout-left-2-line": "0xee92",
    "layout-left-fill": "0xee93",
    "layout-left-line": "0xee94",
    "layout-line": "0xee95",
    "layout-masonry-fill": "0xee96",
    "layout-masonry-line": "0xee97",
    "layout-right-2-fill": "0xee98",
    "layout-right-2-line": "0xee99",
    "layout-right-fill": "0xee9a",
    "layout-right-line": "0xee9b",
    "layout-row-fill": "0xee9c",
    "layout-row-line": "0xee9d",
    "layout-top-2-fill": "0xee9e",
    "layout-top-2-line": "0xee9f",
    "layout-top-fill": "0xeea0",
    "layout-top-line": "0xeea1",
    "leaf-fill": "0xeea2",
    "leaf-line": "0xeea3",
    "lifebuoy-fill": "0xeea4",
    "lifebuoy-line": "0xeea5",
    "lightbulb-fill": "0xeea6",
    "lightbulb-flash-fill": "0xeea7",
    "lightbulb-flash-line": "0xeea8",
    "lightbulb-line": "0xeea9",
    "line-chart-fill": "0xeeaa",
    "line-chart-line": "0xeeab",
    "line-fill": "0xeeac",
    "line-height": "0xeead",
    "line-line": "0xeeae",
    "link": "0xeeb2",
    "link-m": "0xeeaf",
    "link-unlink": "0xeeb1",
    "link-unlink-m": "0xeeb0",
    "linkedin-box-fill": "0xeeb3",
    "linkedin-box-line": "0xeeb4",
    "linkedin-fill": "0xeeb5",
    "linkedin-line": "0xeeb6",
    "links-fill": "0xeeb7",
    "links-line": "0xeeb8",
    "list-check": "0xeeba",
    "list-check-2": "0xeeb9",
    "list-ordered": "0xeebb",
    "list-settings-fill": "0xeebc",
    "list-settings-line": "0xeebd",
    "list-unordered": "0xeebe",
    "live-fill": "0xeebf",
    "live-line": "0xeec0",
    "loader-2-fill": "0xeec1",
    "loader-2-line": "0xeec2",
    "loader-3-fill": "0xeec3",
    "loader-3-line": "0xeec4",
    "loader-4-fill": "0xeec5",
    "loader-4-line": "0xeec6",
    "loader-5-fill": "0xeec7",
    "loader-5-line": "0xeec8",
    "loader-fill": "0xeec9",
    "loader-line": "0xeeca",
    "lock-2-fill": "0xeecb",
    "lock-2-line": "0xeecc",
    "lock-fill": "0xeecd",
    "lock-line": "0xeece",
    "lock-password-fill": "0xeecf",
    "lock-password-line": "0xeed0",
    "lock-unlock-fill": "0xeed1",
    "lock-unlock-line": "0xeed2",
    "login-box-fill": "0xeed3",
    "login-box-line": "0xeed4",
    "login-circle-fill": "0xeed5",
    "login-circle-line": "0xeed6",
    "logout-box-fill": "0xeed7",
    "logout-box-line": "0xeed8",
    "logout-box-r-fill": "0xeed9",
    "logout-box-r-line": "0xeeda",
    "logout-circle-fill": "0xeedb",
    "logout-circle-line": "0xeedc",
    "logout-circle-r-fill": "0xeedd",
    "logout-circle-r-line": "0xeede",
    "luggage-cart-fill": "0xeedf",
    "luggage-cart-line": "0xeee0",
    "luggage-deposit-fill": "0xeee1",
    "luggage-deposit-line": "0xeee2",
    "lungs-fill": "0xeee3",
    "lungs-line": "0xeee4",
    "mac-fill": "0xeee5",
    "mac-line": "0xeee6",
    "macbook-fill": "0xeee7",
    "macbook-line": "0xeee8",
    "magic-fill": "0xeee9",
    "magic-line": "0xeeea",
    "mail-add-fill": "0xeeeb",
    "mail-add-line": "0xeeec",
    "mail-check-fill": "0xeeed",
    "mail-check-line": "0xeeee",
    "mail-close-fill": "0xeeef",
    "mail-close-line": "0xeef0",
    "mail-download-fill": "0xeef1",
    "mail-download-line": "0xeef2",
    "mail-fill": "0xeef3",
    "mail-forbid-fill": "0xeef4",
    "mail-forbid-line": "0xeef5",
    "mail-line": "0xeef6",
    "mail-lock-fill": "0xeef7",
    "mail-lock-line": "0xeef8",
    "mail-open-fill": "0xeef9",
    "mail-open-line": "0xeefa",
    "mail-send-fill": "0xeefb",
    "mail-send-line": "0xeefc",
    "mail-settings-fill": "0xeefd",
    "mail-settings-line": "0xeefe",
    "mail-star-fill": "0xeeff",
    "mail-star-line": "0xef00",
    "mail-unread-fill": "0xef01",
    "mail-unread-line": "0xef02",
    "mail-volume-fill": "0xef03",
    "mail-volume-line": "0xef04",
    "map-2-fill": "0xef05",
    "map-2-line": "0xef06",
    "map-fill": "0xef07",
    "map-line": "0xef08",
    "map-pin-2-fill": "0xef09",
    "map-pin-2-line": "0xef0a",
    "map-pin-3-fill": "0xef0b",
    "map-pin-3-line": "0xef0c",
    "map-pin-4-fill": "0xef0d",
    "map-pin-4-line": "0xef0e",
    "map-pin-5-fill": "0xef0f",
    "map-pin-5-line": "0xef10",
    "map-pin-add-fill": "0xef11",
    "map-pin-add-line": "0xef12",
    "map-pin-fill": "0xef13",
    "map-pin-line": "0xef14",
    "map-pin-range-fill": "0xef15",
    "map-pin-range-line": "0xef16",
    "map-pin-time-fill": "0xef17",
    "map-pin-time-line": "0xef18",
    "map-pin-user-fill": "0xef19",
    "map-pin-user-line": "0xef1a",
    "mark-pen-fill": "0xef1b",
    "mark-pen-line": "0xef1c",
    "markdown-fill": "0xef1d",
    "markdown-line": "0xef1e",
    "markup-fill": "0xef1f",
    "markup-line": "0xef20",
    "mastercard-fill": "0xef21",
    "mastercard-line": "0xef22",
    "mastodon-fill": "0xef23",
    "mastodon-line": "0xef24",
    "medal-2-fill": "0xef25",
    "medal-2-line": "0xef26",
    "medal-fill": "0xef27",
    "medal-line": "0xef28",
    "medicine-bottle-fill": "0xef29",
    "medicine-bottle-line": "0xef2a",
    "medium-fill": "0xef2b",
    "medium-line": "0xef2c",
    "men-fill": "0xef2d",
    "men-line": "0xef2e",
    "mental-health-fill": "0xef2f",
    "mental-health-line": "0xef30",
    "menu-2-fill": "0xef31",
    "menu-2-line": "0xef32",
    "menu-3-fill": "0xef33",
    "menu-3-line": "0xef34",
    "menu-4-fill": "0xef35",
    "menu-4-line": "0xef36",
    "menu-5-fill": "0xef37",
    "menu-5-line": "0xef38",
    "menu-add-fill": "0xef39",
    "menu-add-line": "0xef3a",
    "menu-fill": "0xef3b",
    "menu-fold-fill": "0xef3c",
    "menu-fold-line": "0xef3d",
    "menu-line": "0xef3e",
    "menu-unfold-fill": "0xef3f",
    "menu-unfold-line": "0xef40",
    "merge-cells-horizontal": "0xef41",
    "merge-cells-vertical": "0xef42",
    "message-2-fill": "0xef43",
    "message-2-line": "0xef44",
    "message-3-fill": "0xef45",
    "message-3-line": "0xef46",
    "message-fill": "0xef47",
    "message-line": "0xef48",
    "messenger-fill": "0xef49",
    "messenger-line": "0xef4a",
    "meteor-fill": "0xef4b",
    "meteor-line": "0xef4c",
    "mic-2-fill": "0xef4d",
    "mic-2-line": "0xef4e",
    "mic-fill": "0xef4f",
    "mic-line": "0xef50",
    "mic-off-fill": "0xef51",
    "mic-off-line": "0xef52",
    "mickey-fill": "0xef53",
    "mickey-line": "0xef54",
    "microscope-fill": "0xef55",
    "microscope-line": "0xef56",
    "microsoft-fill": "0xef57",
    "microsoft-line": "0xef58",
    "mind-map": "0xef59",
    "mini-program-fill": "0xef5a",
    "mini-program-line": "0xef5b",
    "mist-fill": "0xef5c",
    "mist-line": "0xef5d",
    "money-cny-box-fill": "0xef5e",
    "money-cny-box-line": "0xef5f",
    "money-cny-circle-fill": "0xef60",
    "money-cny-circle-line": "0xef61",
    "money-dollar-box-fill": "0xef62",
    "money-dollar-box-line": "0xef63",
    "money-dollar-circle-fill": "0xef64",
    "money-dollar-circle-line": "0xef65",
    "money-euro-box-fill": "0xef66",
    "money-euro-box-line": "0xef67",
    "money-euro-circle-fill": "0xef68",
    "money-euro-circle-line": "0xef69",
    "money-pound-box-fill": "0xef6a",
    "money-pound-box-line": "0xef6b",
    "money-pound-circle-fill": "0xef6c",
    "money-pound-circle-line": "0xef6d",
    "moon-clear-fill": "0xef6e",
    "moon-clear-line": "0xef6f",
    "moon-cloudy-fill": "0xef70",
    "moon-cloudy-line": "0xef71",
    "moon-fill": "0xef72",
    "moon-foggy-fill": "0xef73",
    "moon-foggy-line": "0xef74",
    "moon-line": "0xef75",
    "more-2-fill": "0xef76",
    "more-2-line": "0xef77",
    "more-fill": "0xef78",
    "more-line": "0xef79",
    "motorbike-fill": "0xef7a",
    "motorbike-line": "0xef7b",
    "mouse-fill": "0xef7c",
    "mouse-line": "0xef7d",
    "movie-2-fill": "0xef7e",
    "movie-2-line": "0xef7f",
    "movie-fill": "0xef80",
    "movie-line": "0xef81",
    "music-2-fill": "0xef82",
    "music-2-line": "0xef83",
    "music-fill": "0xef84",
    "music-line": "0xef85",
    "mv-fill": "0xef86",
    "mv-line": "0xef87",
    "navigation-fill": "0xef88",
    "navigation-line": "0xef89",
    "netease-cloud-music-fill": "0xef8a",
    "netease-cloud-music-line": "0xef8b",
    "netflix-fill": "0xef8c",
    "netflix-line": "0xef8d",
    "newspaper-fill": "0xef8e",
    "newspaper-line": "0xef8f",
    "node-tree": "0xef90",
    "notification-2-fill": "0xef91",
    "notification-2-line": "0xef92",
    "notification-3-fill": "0xef93",
    "notification-3-line": "0xef94",
    "notification-4-fill": "0xef95",
    "notification-4-line": "0xef96",
    "notification-badge-fill": "0xef97",
    "notification-badge-line": "0xef98",
    "notification-fill": "0xef99",
    "notification-line": "0xef9a",
    "notification-off-fill": "0xef9b",
    "notification-off-line": "0xef9c",
    "npmjs-fill": "0xef9d",
    "npmjs-line": "0xef9e",
    "number-0": "0xef9f",
    "number-1": "0xefa0",
    "number-2": "0xefa1",
    "number-3": "0xefa2",
    "number-4": "0xefa3",
    "number-5": "0xefa4",
    "number-6": "0xefa5",
    "number-7": "0xefa6",
    "number-8": "0xefa7",
    "number-9": "0xefa8",
    "numbers-fill": "0xefa9",
    "numbers-line": "0xefaa",
    "nurse-fill": "0xefab",
    "nurse-line": "0xefac",
    "oil-fill": "0xefad",
    "oil-line": "0xefae",
    "omega": "0xefaf",
    "open-arm-fill": "0xefb0",
    "open-arm-line": "0xefb1",
    "open-source-fill": "0xefb2",
    "open-source-line": "0xefb3",
    "opera-fill": "0xefb4",
    "opera-line": "0xefb5",
    "order-play-fill": "0xefb6",
    "order-play-line": "0xefb7",
    "organization-chart": "0xefb8",
    "outlet-2-fill": "0xefb9",
    "outlet-2-line": "0xefba",
    "outlet-fill": "0xefbb",
    "outlet-line": "0xefbc",
    "page-separator": "0xefbd",
    "pages-fill": "0xefbe",
    "pages-line": "0xefbf",
    "paint-brush-fill": "0xefc0",
    "paint-brush-line": "0xefc1",
    "paint-fill": "0xefc2",
    "paint-line": "0xefc3",
    "palette-fill": "0xefc4",
    "palette-line": "0xefc5",
    "pantone-fill": "0xefc6",
    "pantone-line": "0xefc7",
    "paragraph": "0xefc8",
    "parent-fill": "0xefc9",
    "parent-line": "0xefca",
    "parentheses-fill": "0xefcb",
    "parentheses-line": "0xefcc",
    "parking-box-fill": "0xefcd",
    "parking-box-line": "0xefce",
    "parking-fill": "0xefcf",
    "parking-line": "0xefd0",
    "passport-fill": "0xefd1",
    "passport-line": "0xefd2",
    "patreon-fill": "0xefd3",
    "patreon-line": "0xefd4",
    "pause-circle-fill": "0xefd5",
    "pause-circle-line": "0xefd6",
    "pause-fill": "0xefd7",
    "pause-line": "0xefd8",
    "pause-mini-fill": "0xefd9",
    "pause-mini-line": "0xefda",
    "paypal-fill": "0xefdb",
    "paypal-line": "0xefdc",
    "pen-nib-fill": "0xefdd",
    "pen-nib-line": "0xefde",
    "pencil-fill": "0xefdf",
    "pencil-line": "0xefe0",
    "pencil-ruler-2-fill": "0xefe1",
    "pencil-ruler-2-line": "0xefe2",
    "pencil-ruler-fill": "0xefe3",
    "pencil-ruler-line": "0xefe4",
    "percent-fill": "0xefe5",
    "percent-line": "0xefe6",
    "phone-camera-fill": "0xefe7",
    "phone-camera-line": "0xefe8",
    "phone-fill": "0xefe9",
    "phone-find-fill": "0xefea",
    "phone-find-line": "0xefeb",
    "phone-line": "0xefec",
    "phone-lock-fill": "0xefed",
    "phone-lock-line": "0xefee",
    "picture-in-picture-2-fill": "0xefef",
    "picture-in-picture-2-line": "0xeff0",
    "picture-in-picture-exit-fill": "0xeff1",
    "picture-in-picture-exit-line": "0xeff2",
    "picture-in-picture-fill": "0xeff3",
    "picture-in-picture-line": "0xeff4",
    "pie-chart-2-fill": "0xeff5",
    "pie-chart-2-line": "0xeff6",
    "pie-chart-box-fill": "0xeff7",
    "pie-chart-box-line": "0xeff8",
    "pie-chart-fill": "0xeff9",
    "pie-chart-line": "0xeffa",
    "pin-distance-fill": "0xeffb",
    "pin-distance-line": "0xeffc",
    "ping-pong-fill": "0xeffd",
    "ping-pong-line": "0xeffe",
    "pinterest-fill": "0xefff",
    "pinterest-line": "0xf000",
    "pinyin-input": "0xf001",
    "pixelfed-fill": "0xf002",
    "pixelfed-line": "0xf003",
    "plane-fill": "0xf004",
    "plane-line": "0xf005",
    "plant-fill": "0xf006",
    "plant-line": "0xf007",
    "play-circle-fill": "0xf008",
    "play-circle-line": "0xf009",
    "play-fill": "0xf00a",
    "play-line": "0xf00b",
    "play-list-2-fill": "0xf00c",
    "play-list-2-line": "0xf00d",
    "play-list-add-fill": "0xf00e",
    "play-list-add-line": "0xf00f",
    "play-list-fill": "0xf010",
    "play-list-line": "0xf011",
    "play-mini-fill": "0xf012",
    "play-mini-line": "0xf013",
    "playstation-fill": "0xf014",
    "playstation-line": "0xf015",
    "plug-2-fill": "0xf016",
    "plug-2-line": "0xf017",
    "plug-fill": "0xf018",
    "plug-line": "0xf019",
    "polaroid-2-fill": "0xf01a",
    "polaroid-2-line": "0xf01b",
    "polaroid-fill": "0xf01c",
    "polaroid-line": "0xf01d",
    "police-car-fill": "0xf01e",
    "police-car-line": "0xf01f",
    "price-tag-2-fill": "0xf020",
    "price-tag-2-line": "0xf021",
    "price-tag-3-fill": "0xf022",
    "price-tag-3-line": "0xf023",
    "price-tag-fill": "0xf024",
    "price-tag-line": "0xf025",
    "printer-cloud-fill": "0xf026",
    "printer-cloud-line": "0xf027",
    "printer-fill": "0xf028",
    "printer-line": "0xf029",
    "product-hunt-fill": "0xf02a",
    "product-hunt-line": "0xf02b",
    "profile-fill": "0xf02c",
    "profile-line": "0xf02d",
    "projector-2-fill": "0xf02e",
    "projector-2-line": "0xf02f",
    "projector-fill": "0xf030",
    "projector-line": "0xf031",
    "psychotherapy-fill": "0xf032",
    "psychotherapy-line": "0xf033",
    "pulse-fill": "0xf034",
    "pulse-line": "0xf035",
    "pushpin-2-fill": "0xf036",
    "pushpin-2-line": "0xf037",
    "pushpin-fill": "0xf038",
    "pushpin-line": "0xf039",
    "qq-fill": "0xf03a",
    "qq-line": "0xf03b",
    "qr-code-fill": "0xf03c",
    "qr-code-line": "0xf03d",
    "qr-scan-2-fill": "0xf03e",
    "qr-scan-2-line": "0xf03f",
    "qr-scan-fill": "0xf040",
    "qr-scan-line": "0xf041",
    "question-answer-fill": "0xf042",
    "question-answer-line": "0xf043",
    "question-fill": "0xf044",
    "question-line": "0xf045",
    "question-mark": "0xf046",
    "questionnaire-fill": "0xf047",
    "questionnaire-line": "0xf048",
    "quill-pen-fill": "0xf049",
    "quill-pen-line": "0xf04a",
    "radar-fill": "0xf04b",
    "radar-line": "0xf04c",
    "radio-2-fill": "0xf04d",
    "radio-2-line": "0xf04e",
    "radio-button-fill": "0xf04f",
    "radio-button-line": "0xf050",
    "radio-fill": "0xf051",
    "radio-line": "0xf052",
    "rainbow-fill": "0xf053",
    "rainbow-line": "0xf054",
    "rainy-fill": "0xf055",
    "rainy-line": "0xf056",
    "reactjs-fill": "0xf057",
    "reactjs-line": "0xf058",
    "record-circle-fill": "0xf059",
    "record-circle-line": "0xf05a",
    "record-mail-fill": "0xf05b",
    "record-mail-line": "0xf05c",
    "recycle-fill": "0xf05d",
    "recycle-line": "0xf05e",
    "red-packet-fill": "0xf05f",
    "red-packet-line": "0xf060",
    "reddit-fill": "0xf061",
    "reddit-line": "0xf062",
    "refresh-fill": "0xf063",
    "refresh-line": "0xf064",
    "refund-2-fill": "0xf065",
    "refund-2-line": "0xf066",
    "refund-fill": "0xf067",
    "refund-line": "0xf068",
    "registered-fill": "0xf069",
    "registered-line": "0xf06a",
    "remixicon-fill": "0xf06b",
    "remixicon-line": "0xf06c",
    "remote-control-2-fill": "0xf06d",
    "remote-control-2-line": "0xf06e",
    "remote-control-fill": "0xf06f",
    "remote-control-line": "0xf070",
    "repeat-2-fill": "0xf071",
    "repeat-2-line": "0xf072",
    "repeat-fill": "0xf073",
    "repeat-line": "0xf074",
    "repeat-one-fill": "0xf075",
    "repeat-one-line": "0xf076",
    "reply-all-fill": "0xf077",
    "reply-all-line": "0xf078",
    "reply-fill": "0xf079",
    "reply-line": "0xf07a",
    "reserved-fill": "0xf07b",
    "reserved-line": "0xf07c",
    "rest-time-fill": "0xf07d",
    "rest-time-line": "0xf07e",
    "restart-fill": "0xf07f",
    "restart-line": "0xf080",
    "restaurant-2-fill": "0xf081",
    "restaurant-2-line": "0xf082",
    "restaurant-fill": "0xf083",
    "restaurant-line": "0xf084",
    "rewind-fill": "0xf085",
    "rewind-line": "0xf086",
    "rewind-mini-fill": "0xf087",
    "rewind-mini-line": "0xf088",
    "rhythm-fill": "0xf089",
    "rhythm-line": "0xf08a",
    "riding-fill": "0xf08b",
    "riding-line": "0xf08c",
    "road-map-fill": "0xf08d",
    "road-map-line": "0xf08e",
    "roadster-fill": "0xf08f",
    "roadster-line": "0xf090",
    "robot-fill": "0xf091",
    "robot-line": "0xf092",
    "rocket-2-fill": "0xf093",
    "rocket-2-line": "0xf094",
    "rocket-fill": "0xf095",
    "rocket-line": "0xf096",
    "rotate-lock-fill": "0xf097",
    "rotate-lock-line": "0xf098",
    "rounded-corner": "0xf099",
    "route-fill": "0xf09a",
    "route-line": "0xf09b",
    "router-fill": "0xf09c",
    "router-line": "0xf09d",
    "rss-fill": "0xf09e",
    "rss-line": "0xf09f",
    "ruler-2-fill": "0xf0a0",
    "ruler-2-line": "0xf0a1",
    "ruler-fill": "0xf0a2",
    "ruler-line": "0xf0a3",
    "run-fill": "0xf0a4",
    "run-line": "0xf0a5",
    "safari-fill": "0xf0a6",
    "safari-line": "0xf0a7",
    "safe-2-fill": "0xf0a8",
    "safe-2-line": "0xf0a9",
    "safe-fill": "0xf0aa",
    "safe-line": "0xf0ab",
    "sailboat-fill": "0xf0ac",
    "sailboat-line": "0xf0ad",
    "save-2-fill": "0xf0ae",
    "save-2-line": "0xf0af",
    "save-3-fill": "0xf0b0",
    "save-3-line": "0xf0b1",
    "save-fill": "0xf0b2",
    "save-line": "0xf0b3",
    "scales-2-fill": "0xf0b4",
    "scales-2-line": "0xf0b5",
    "scales-3-fill": "0xf0b6",
    "scales-3-line": "0xf0b7",
    "scales-fill": "0xf0b8",
    "scales-line": "0xf0b9",
    "scan-2-fill": "0xf0ba",
    "scan-2-line": "0xf0bb",
    "scan-fill": "0xf0bc",
    "scan-line": "0xf0bd",
    "scissors-2-fill": "0xf0be",
    "scissors-2-line": "0xf0bf",
    "scissors-cut-fill": "0xf0c0",
    "scissors-cut-line": "0xf0c1",
    "scissors-fill": "0xf0c2",
    "scissors-line": "0xf0c3",
    "screenshot-2-fill": "0xf0c4",
    "screenshot-2-line": "0xf0c5",
    "screenshot-fill": "0xf0c6",
    "screenshot-line": "0xf0c7",
    "sd-card-fill": "0xf0c8",
    "sd-card-line": "0xf0c9",
    "sd-card-mini-fill": "0xf0ca",
    "sd-card-mini-line": "0xf0cb",
    "search-2-fill": "0xf0cc",
    "search-2-line": "0xf0cd",
    "search-eye-fill": "0xf0ce",
    "search-eye-line": "0xf0cf",
    "search-fill": "0xf0d0",
    "search-line": "0xf0d1",
    "secure-payment-fill": "0xf0d2",
    "secure-payment-line": "0xf0d3",
    "seedling-fill": "0xf0d4",
    "seedling-line": "0xf0d5",
    "send-backward": "0xf0d6",
    "send-plane-2-fill": "0xf0d7",
    "send-plane-2-line": "0xf0d8",
    "send-plane-fill": "0xf0d9",
    "send-plane-line": "0xf0da",
    "send-to-back": "0xf0db",
    "sensor-fill": "0xf0dc",
    "sensor-line": "0xf0dd",
    "separator": "0xf0de",
    "server-fill": "0xf0df",
    "server-line": "0xf0e0",
    "service-fill": "0xf0e1",
    "service-line": "0xf0e2",
    "settings-2-fill": "0xf0e3",
    "settings-2-line": "0xf0e4",
    "settings-3-fill": "0xf0e5",
    "settings-3-line": "0xf0e6",
    "settings-4-fill": "0xf0e7",
    "settings-4-line": "0xf0e8",
    "settings-5-fill": "0xf0e9",
    "settings-5-line": "0xf0ea",
    "settings-6-fill": "0xf0eb",
    "settings-6-line": "0xf0ec",
    "settings-fill": "0xf0ed",
    "settings-line": "0xf0ee",
    "shape-2-fill": "0xf0ef",
    "shape-2-line": "0xf0f0",
    "shape-fill": "0xf0f1",
    "shape-line": "0xf0f2",
    "share-box-fill": "0xf0f3",
    "share-box-line": "0xf0f4",
    "share-circle-fill": "0xf0f5",
    "share-circle-line": "0xf0f6",
    "share-fill": "0xf0f7",
    "share-forward-2-fill": "0xf0f8",
    "share-forward-2-line": "0xf0f9",
    "share-forward-box-fill": "0xf0fa",
    "share-forward-box-line": "0xf0fb",
    "share-forward-fill": "0xf0fc",
    "share-forward-line": "0xf0fd",
    "share-line": "0xf0fe",
    "shield-check-fill": "0xf0ff",
    "shield-check-line": "0xf100",
    "shield-cross-fill": "0xf101",
    "shield-cross-line": "0xf102",
    "shield-fill": "0xf103",
    "shield-flash-fill": "0xf104",
    "shield-flash-line": "0xf105",
    "shield-keyhole-fill": "0xf106",
    "shield-keyhole-line": "0xf107",
    "shield-line": "0xf108",
    "shield-star-fill": "0xf109",
    "shield-star-line": "0xf10a",
    "shield-user-fill": "0xf10b",
    "shield-user-line": "0xf10c",
    "ship-2-fill": "0xf10d",
    "ship-2-line": "0xf10e",
    "ship-fill": "0xf10f",
    "ship-line": "0xf110",
    "shirt-fill": "0xf111",
    "shirt-line": "0xf112",
    "shopping-bag-2-fill": "0xf113",
    "shopping-bag-2-line": "0xf114",
    "shopping-bag-3-fill": "0xf115",
    "shopping-bag-3-line": "0xf116",
    "shopping-bag-fill": "0xf117",
    "shopping-bag-line": "0xf118",
    "shopping-basket-2-fill": "0xf119",
    "shopping-basket-2-line": "0xf11a",
    "shopping-basket-fill": "0xf11b",
    "shopping-basket-line": "0xf11c",
    "shopping-cart-2-fill": "0xf11d",
    "shopping-cart-2-line": "0xf11e",
    "shopping-cart-fill": "0xf11f",
    "shopping-cart-line": "0xf120",
    "showers-fill": "0xf121",
    "showers-line": "0xf122",
    "shuffle-fill": "0xf123",
    "shuffle-line": "0xf124",
    "shut-down-fill": "0xf125",
    "shut-down-line": "0xf126",
    "side-bar-fill": "0xf127",
    "side-bar-line": "0xf128",
    "signal-tower-fill": "0xf129",
    "signal-tower-line": "0xf12a",
    "signal-wifi-1-fill": "0xf12b",
    "signal-wifi-1-line": "0xf12c",
    "signal-wifi-2-fill": "0xf12d",
    "signal-wifi-2-line": "0xf12e",
    "signal-wifi-3-fill": "0xf12f",
    "signal-wifi-3-line": "0xf130",
    "signal-wifi-error-fill": "0xf131",
    "signal-wifi-error-line": "0xf132",
    "signal-wifi-fill": "0xf133",
    "signal-wifi-line": "0xf134",
    "signal-wifi-off-fill": "0xf135",
    "signal-wifi-off-line": "0xf136",
    "sim-card-2-fill": "0xf137",
    "sim-card-2-line": "0xf138",
    "sim-card-fill": "0xf139",
    "sim-card-line": "0xf13a",
    "single-quotes-l": "0xf13b",
    "single-quotes-r": "0xf13c",
    "sip-fill": "0xf13d",
    "sip-line": "0xf13e",
    "skip-back-fill": "0xf13f",
    "skip-back-line": "0xf140",
    "skip-back-mini-fill": "0xf141",
    "skip-back-mini-line": "0xf142",
    "skip-forward-fill": "0xf143",
    "skip-forward-line": "0xf144",
    "skip-forward-mini-fill": "0xf145",
    "skip-forward-mini-line": "0xf146",
    "skull-2-fill": "0xf147",
    "skull-2-line": "0xf148",
    "skull-fill": "0xf149",
    "skull-line": "0xf14a",
    "skype-fill": "0xf14b",
    "skype-line": "0xf14c",
    "slack-fill": "0xf14d",
    "slack-line": "0xf14e",
    "slice-fill": "0xf14f",
    "slice-line": "0xf150",
    "slideshow-2-fill": "0xf151",
    "slideshow-2-line": "0xf152",
    "slideshow-3-fill": "0xf153",
    "slideshow-3-line": "0xf154",
    "slideshow-4-fill": "0xf155",
    "slideshow-4-line": "0xf156",
    "slideshow-fill": "0xf157",
    "slideshow-line": "0xf158",
    "smartphone-fill": "0xf159",
    "smartphone-line": "0xf15a",
    "snapchat-fill": "0xf15b",
    "snapchat-line": "0xf15c",
    "snowy-fill": "0xf15d",
    "snowy-line": "0xf15e",
    "sort-asc": "0xf15f",
    "sort-desc": "0xf160",
    "sound-module-fill": "0xf161",
    "sound-module-line": "0xf162",
    "soundcloud-fill": "0xf163",
    "soundcloud-line": "0xf164",
    "space": "0xf167",
    "space-ship-fill": "0xf165",
    "space-ship-line": "0xf166",
    "spam-2-fill": "0xf168",
    "spam-2-line": "0xf169",
    "spam-3-fill": "0xf16a",
    "spam-3-line": "0xf16b",
    "spam-fill": "0xf16c",
    "spam-line": "0xf16d",
    "speaker-2-fill": "0xf16e",
    "speaker-2-line": "0xf16f",
    "speaker-3-fill": "0xf170",
    "speaker-3-line": "0xf171",
    "speaker-fill": "0xf172",
    "speaker-line": "0xf173",
    "spectrum-fill": "0xf174",
    "spectrum-line": "0xf175",
    "speed-fill": "0xf176",
    "speed-line": "0xf177",
    "speed-mini-fill": "0xf178",
    "speed-mini-line": "0xf179",
    "split-cells-horizontal": "0xf17a",
    "split-cells-vertical": "0xf17b",
    "spotify-fill": "0xf17c",
    "spotify-line": "0xf17d",
    "spy-fill": "0xf17e",
    "spy-line": "0xf17f",
    "stack-fill": "0xf180",
    "stack-line": "0xf181",
    "stack-overflow-fill": "0xf182",
    "stack-overflow-line": "0xf183",
    "stackshare-fill": "0xf184",
    "stackshare-line": "0xf185",
    "star-fill": "0xf186",
    "star-half-fill": "0xf187",
    "star-half-line": "0xf188",
    "star-half-s-fill": "0xf189",
    "star-half-s-line": "0xf18a",
    "star-line": "0xf18b",
    "star-s-fill": "0xf18c",
    "star-s-line": "0xf18d",
    "star-smile-fill": "0xf18e",
    "star-smile-line": "0xf18f",
    "steam-fill": "0xf190",
    "steam-line": "0xf191",
    "steering-2-fill": "0xf192",
    "steering-2-line": "0xf193",
    "steering-fill": "0xf194",
    "steering-line": "0xf195",
    "stethoscope-fill": "0xf196",
    "stethoscope-line": "0xf197",
    "sticky-note-2-fill": "0xf198",
    "sticky-note-2-line": "0xf199",
    "sticky-note-fill": "0xf19a",
    "sticky-note-line": "0xf19b",
    "stock-fill": "0xf19c",
    "stock-line": "0xf19d",
    "stop-circle-fill": "0xf19e",
    "stop-circle-line": "0xf19f",
    "stop-fill": "0xf1a0",
    "stop-line": "0xf1a1",
    "stop-mini-fill": "0xf1a2",
    "stop-mini-line": "0xf1a3",
    "store-2-fill": "0xf1a4",
    "store-2-line": "0xf1a5",
    "store-3-fill": "0xf1a6",
    "store-3-line": "0xf1a7",
    "store-fill": "0xf1a8",
    "store-line": "0xf1a9",
    "strikethrough": "0xf1ab",
    "strikethrough-2": "0xf1aa",
    "subscript": "0xf1ad",
    "subscript-2": "0xf1ac",
    "subtract-fill": "0xf1ae",
    "subtract-line": "0xf1af",
    "subway-fill": "0xf1b0",
    "subway-line": "0xf1b1",
    "subway-wifi-fill": "0xf1b2",
    "subway-wifi-line": "0xf1b3",
    "suitcase-2-fill": "0xf1b4",
    "suitcase-2-line": "0xf1b5",
    "suitcase-3-fill": "0xf1b6",
    "suitcase-3-line": "0xf1b7",
    "suitcase-fill": "0xf1b8",
    "suitcase-line": "0xf1b9",
    "sun-cloudy-fill": "0xf1ba",
    "sun-cloudy-line": "0xf1bb",
    "sun-fill": "0xf1bc",
    "sun-foggy-fill": "0xf1bd",
    "sun-foggy-line": "0xf1be",
    "sun-line": "0xf1bf",
    "superscript": "0xf1c1",
    "superscript-2": "0xf1c0",
    "surgical-mask-fill": "0xf1c2",
    "surgical-mask-line": "0xf1c3",
    "surround-sound-fill": "0xf1c4",
    "surround-sound-line": "0xf1c5",
    "survey-fill": "0xf1c6",
    "survey-line": "0xf1c7",
    "swap-box-fill": "0xf1c8",
    "swap-box-line": "0xf1c9",
    "swap-fill": "0xf1ca",
    "swap-line": "0xf1cb",
    "switch-fill": "0xf1cc",
    "switch-line": "0xf1cd",
    "sword-fill": "0xf1ce",
    "sword-line": "0xf1cf",
    "syringe-fill": "0xf1d0",
    "syringe-line": "0xf1d1",
    "t-box-fill": "0xf1d2",
    "t-box-line": "0xf1d3",
    "t-shirt-2-fill": "0xf1d4",
    "t-shirt-2-line": "0xf1d5",
    "t-shirt-air-fill": "0xf1d6",
    "t-shirt-air-line": "0xf1d7",
    "t-shirt-fill": "0xf1d8",
    "t-shirt-line": "0xf1d9",
    "table-2": "0xf1da",
    "table-alt-fill": "0xf1db",
    "table-alt-line": "0xf1dc",
    "table-fill": "0xf1dd",
    "table-line": "0xf1de",
    "tablet-fill": "0xf1df",
    "tablet-line": "0xf1e0",
    "takeaway-fill": "0xf1e1",
    "takeaway-line": "0xf1e2",
    "taobao-fill": "0xf1e3",
    "taobao-line": "0xf1e4",
    "tape-fill": "0xf1e5",
    "tape-line": "0xf1e6",
    "task-fill": "0xf1e7",
    "task-line": "0xf1e8",
    "taxi-fill": "0xf1e9",
    "taxi-line": "0xf1ea",
    "taxi-wifi-fill": "0xf1eb",
    "taxi-wifi-line": "0xf1ec",
    "team-fill": "0xf1ed",
    "team-line": "0xf1ee",
    "telegram-fill": "0xf1ef",
    "telegram-line": "0xf1f0",
    "temp-cold-fill": "0xf1f1",
    "temp-cold-line": "0xf1f2",
    "temp-hot-fill": "0xf1f3",
    "temp-hot-line": "0xf1f4",
    "terminal-box-fill": "0xf1f5",
    "terminal-box-line": "0xf1f6",
    "terminal-fill": "0xf1f7",
    "terminal-line": "0xf1f8",
    "terminal-window-fill": "0xf1f9",
    "terminal-window-line": "0xf1fa",
    "test-tube-fill": "0xf1fb",
    "test-tube-line": "0xf1fc",
    "text": "0xf201",
    "text-direction-l": "0xf1fd",
    "text-direction-r": "0xf1fe",
    "text-spacing": "0xf1ff",
    "text-wrap": "0xf200",
    "thermometer-fill": "0xf202",
    "thermometer-line": "0xf203",
    "thumb-down-fill": "0xf204",
    "thumb-down-line": "0xf205",
    "thumb-up-fill": "0xf206",
    "thumb-up-line": "0xf207",
    "thunderstorms-fill": "0xf208",
    "thunderstorms-line": "0xf209",
    "ticket-2-fill": "0xf20a",
    "ticket-2-line": "0xf20b",
    "ticket-fill": "0xf20c",
    "ticket-line": "0xf20d",
    "time-fill": "0xf20e",
    "time-line": "0xf20f",
    "timer-2-fill": "0xf210",
    "timer-2-line": "0xf211",
    "timer-fill": "0xf212",
    "timer-flash-fill": "0xf213",
    "timer-flash-line": "0xf214",
    "timer-line": "0xf215",
    "todo-fill": "0xf216",
    "todo-line": "0xf217",
    "toggle-fill": "0xf218",
    "toggle-line": "0xf219",
    "tools-fill": "0xf21a",
    "tools-line": "0xf21b",
    "tornado-fill": "0xf21c",
    "tornado-line": "0xf21d",
    "trademark-fill": "0xf21e",
    "trademark-line": "0xf21f",
    "traffic-light-fill": "0xf220",
    "traffic-light-line": "0xf221",
    "train-fill": "0xf222",
    "train-line": "0xf223",
    "train-wifi-fill": "0xf224",
    "train-wifi-line": "0xf225",
    "translate": "0xf227",
    "translate-2": "0xf226",
    "travesti-fill": "0xf228",
    "travesti-line": "0xf229",
    "treasure-map-fill": "0xf22a",
    "treasure-map-line": "0xf22b",
    "trello-fill": "0xf22c",
    "trello-line": "0xf22d",
    "trophy-fill": "0xf22e",
    "trophy-line": "0xf22f",
    "truck-fill": "0xf230",
    "truck-line": "0xf231",
    "tumblr-fill": "0xf232",
    "tumblr-line": "0xf233",
    "tv-2-fill": "0xf234",
    "tv-2-line": "0xf235",
    "tv-fill": "0xf236",
    "tv-line": "0xf237",
    "twitch-fill": "0xf238",
    "twitch-line": "0xf239",
    "twitter-fill": "0xf23a",
    "twitter-line": "0xf23b",
    "typhoon-fill": "0xf23c",
    "typhoon-line": "0xf23d",
    "u-disk-fill": "0xf23e",
    "u-disk-line": "0xf23f",
    "ubuntu-fill": "0xf240",
    "ubuntu-line": "0xf241",
    "umbrella-fill": "0xf242",
    "umbrella-line": "0xf243",
    "underline": "0xf244",
    "uninstall-fill": "0xf245",
    "uninstall-line": "0xf246",
    "unsplash-fill": "0xf247",
    "unsplash-line": "0xf248",
    "upload-2-fill": "0xf249",
    "upload-2-line": "0xf24a",
    "upload-cloud-2-fill": "0xf24b",
    "upload-cloud-2-line": "0xf24c",
    "upload-cloud-fill": "0xf24d",
    "upload-cloud-line": "0xf24e",
    "upload-fill": "0xf24f",
    "upload-line": "0xf250",
    "usb-fill": "0xf251",
    "usb-line": "0xf252",
    "user-2-fill": "0xf253",
    "user-2-line": "0xf254",
    "user-3-fill": "0xf255",
    "user-3-line": "0xf256",
    "user-4-fill": "0xf257",
    "user-4-line": "0xf258",
    "user-5-fill": "0xf259",
    "user-5-line": "0xf25a",
    "user-6-fill": "0xf25b",
    "user-6-line": "0xf25c",
    "user-add-fill": "0xf25d",
    "user-add-line": "0xf25e",
    "user-fill": "0xf25f",
    "user-follow-fill": "0xf260",
    "user-follow-line": "0xf261",
    "user-heart-fill": "0xf262",
    "user-heart-line": "0xf263",
    "user-line": "0xf264",
    "user-location-fill": "0xf265",
    "user-location-line": "0xf266",
    "user-received-2-fill": "0xf267",
    "user-received-2-line": "0xf268",
    "user-received-fill": "0xf269",
    "user-received-line": "0xf26a",
    "user-search-fill": "0xf26b",
    "user-search-line": "0xf26c",
    "user-settings-fill": "0xf26d",
    "user-settings-line": "0xf26e",
    "user-shared-2-fill": "0xf26f",
    "user-shared-2-line": "0xf270",
    "user-shared-fill": "0xf271",
    "user-shared-line": "0xf272",
    "user-smile-fill": "0xf273",
    "user-smile-line": "0xf274",
    "user-star-fill": "0xf275",
    "user-star-line": "0xf276",
    "user-unfollow-fill": "0xf277",
    "user-unfollow-line": "0xf278",
    "user-voice-fill": "0xf279",
    "user-voice-line": "0xf27a",
    "video-add-fill": "0xf27b",
    "video-add-line": "0xf27c",
    "video-chat-fill": "0xf27d",
    "video-chat-line": "0xf27e",
    "video-download-fill": "0xf27f",
    "video-download-line": "0xf280",
    "video-fill": "0xf281",
    "video-line": "0xf282",
    "video-upload-fill": "0xf283",
    "video-upload-line": "0xf284",
    "vidicon-2-fill": "0xf285",
    "vidicon-2-line": "0xf286",
    "vidicon-fill": "0xf287",
    "vidicon-line": "0xf288",
    "vimeo-fill": "0xf289",
    "vimeo-line": "0xf28a",
    "vip-crown-2-fill": "0xf28b",
    "vip-crown-2-line": "0xf28c",
    "vip-crown-fill": "0xf28d",
    "vip-crown-line": "0xf28e",
    "vip-diamond-fill": "0xf28f",
    "vip-diamond-line": "0xf290",
    "vip-fill": "0xf291",
    "vip-line": "0xf292",
    "virus-fill": "0xf293",
    "virus-line": "0xf294",
    "visa-fill": "0xf295",
    "visa-line": "0xf296",
    "voice-recognition-fill": "0xf297",
    "voice-recognition-line": "0xf298",
    "voiceprint-fill": "0xf299",
    "voiceprint-line": "0xf29a",
    "volume-down-fill": "0xf29b",
    "volume-down-line": "0xf29c",
    "volume-mute-fill": "0xf29d",
    "volume-mute-line": "0xf29e",
    "volume-off-vibrate-fill": "0xf29f",
    "volume-off-vibrate-line": "0xf2a0",
    "volume-up-fill": "0xf2a1",
    "volume-up-line": "0xf2a2",
    "volume-vibrate-fill": "0xf2a3",
    "volume-vibrate-line": "0xf2a4",
    "vuejs-fill": "0xf2a5",
    "vuejs-line": "0xf2a6",
    "walk-fill": "0xf2a7",
    "walk-line": "0xf2a8",
    "wallet-2-fill": "0xf2a9",
    "wallet-2-line": "0xf2aa",
    "wallet-3-fill": "0xf2ab",
    "wallet-3-line": "0xf2ac",
    "wallet-fill": "0xf2ad",
    "wallet-line": "0xf2ae",
    "water-flash-fill": "0xf2af",
    "water-flash-line": "0xf2b0",
    "webcam-fill": "0xf2b1",
    "webcam-line": "0xf2b2",
    "wechat-2-fill": "0xf2b3",
    "wechat-2-line": "0xf2b4",
    "wechat-fill": "0xf2b5",
    "wechat-line": "0xf2b6",
    "wechat-pay-fill": "0xf2b7",
    "wechat-pay-line": "0xf2b8",
    "weibo-fill": "0xf2b9",
    "weibo-line": "0xf2ba",
    "whatsapp-fill": "0xf2bb",
    "whatsapp-line": "0xf2bc",
    "wheelchair-fill": "0xf2bd",
    "wheelchair-line": "0xf2be",
    "wifi-fill": "0xf2bf",
    "wifi-line": "0xf2c0",
    "wifi-off-fill": "0xf2c1",
    "wifi-off-line": "0xf2c2",
    "window-2-fill": "0xf2c3",
    "window-2-line": "0xf2c4",
    "window-fill": "0xf2c5",
    "window-line": "0xf2c6",
    "windows-fill": "0xf2c7",
    "windows-line": "0xf2c8",
    "windy-fill": "0xf2c9",
    "windy-line": "0xf2ca",
    "wireless-charging-fill": "0xf2cb",
    "wireless-charging-line": "0xf2cc",
    "women-fill": "0xf2cd",
    "women-line": "0xf2ce",
    "wubi-input": "0xf2cf",
    "xbox-fill": "0xf2d0",
    "xbox-line": "0xf2d1",
    "xing-fill": "0xf2d2",
    "xing-line": "0xf2d3",
    "youtube-fill": "0xf2d4",
    "youtube-line": "0xf2d5",
    "zcool-fill": "0xf2d6",
    "zcool-line": "0xf2d7",
    "zhihu-fill": "0xf2d8",
    "zhihu-line": "0xf2d9",
    "zoom-in-fill": "0xf2da",
    "zoom-in-line": "0xf2db",
    "zoom-out-fill": "0xf2dc",
    "zoom-out-line": "0xf2dd",
    "zzz-fill": "0xf2de",
    "zzz-line": "0xf2df"
}